Timestamp,PersonBox,MaskLabel
2025-08-12T17:23:36.620178,"418,263,1549,1074",No Mask
2025-08-12T17:23:36.852161,"421,281,1537,1074",No Mask
2025-08-12T17:23:37.017353,"424,287,1531,1074",No Mask
2025-08-12T17:23:37.152467,"424,288,1531,1075",No Mask
2025-08-12T17:23:37.278021,"423,287,1532,1074",No Mask
2025-08-12T17:23:37.432372,"423,284,1536,1074",No Mask
2025-08-12T17:23:37.567240,"422,284,1536,1073",No Mask
2025-08-12T17:23:37.698591,"422,283,1536,1073",No Mask
2025-08-12T17:23:37.833342,"423,284,1536,1074",No Mask
2025-08-12T17:23:37.967048,"423,283,1534,1074",No Mask
2025-08-12T17:23:38.115044,"419,283,1533,1074",No Mask
2025-08-12T17:23:38.232247,"419,279,1541,1074",No Mask
2025-08-12T17:23:38.372951,"415,269,1549,1075",No Mask
2025-08-12T17:23:38.508560,"406,255,1566,1075",No Mask
2025-08-12T17:23:38.629592,"389,240,1569,1074",No Mask
2025-08-12T17:23:38.774242,"384,263,1540,1073",No Mask
2025-08-12T17:23:38.901015,"385,274,1530,1073",No Mask
2025-08-12T17:23:39.042173,"379,250,1554,1073",No Mask
2025-08-12T17:23:39.171621,"360,227,1586,1073",No Mask
2025-08-12T17:23:39.310695,"349,197,1621,1073",No Mask
2025-08-12T17:23:39.434361,"347,174,1660,1072",No Mask
2025-08-12T17:23:39.576303,"342,152,1672,1072",No Mask
2025-08-12T17:23:39.703146,"333,145,1691,1071",No Mask
2025-08-12T17:23:39.842265,"309,140,1700,1071",No Mask
2025-08-12T17:23:39.968132,"335,125,1694,1071",No Mask
2025-08-12T17:23:40.110063,"326,127,1695,1072",No Mask
2025-08-12T17:23:40.235748,"292,139,1687,1069",No Mask
2025-08-12T17:23:40.370621,"304,139,1690,1070",No Mask
2025-08-12T17:23:40.509110,"317,143,1681,1070",No Mask
2025-08-12T17:23:40.636906,"327,148,1668,1072",No Mask
2025-08-12T17:23:40.773710,"316,149,1666,1072",No Mask
2025-08-12T17:23:40.903784,"311,163,1643,1071",No Mask
2025-08-12T17:23:41.037036,"245,170,1637,1069",No Mask
2025-08-12T17:23:41.169652,"232,174,1629,1071",No Mask
2025-08-12T17:23:41.309640,"237,174,1640,1071",No Mask
2025-08-12T17:23:41.435920,"235,170,1644,1071",No Mask
2025-08-12T17:23:41.569763,"241,172,1647,1071",No Mask
2025-08-12T17:23:41.706264,"240,172,1649,1071",No Mask
2025-08-12T17:23:41.839301,"244,173,1653,1070",No Mask
2025-08-12T17:23:41.971315,"234,181,1646,1071",No Mask
2025-08-12T17:23:42.105783,"231,181,1649,1071",No Mask
2025-08-12T17:23:42.239000,"242,178,1656,1071",No Mask
2025-08-12T17:23:42.373674,"234,172,1644,1069",No Mask
2025-08-12T17:23:42.507169,"228,181,1654,1069",No Mask
2025-08-12T17:23:42.637819,"226,206,1601,1069",No Mask
2025-08-12T17:23:42.778103,"235,226,1583,1070",No Mask
2025-08-12T17:23:42.905618,"249,252,1566,1071",No Mask
2025-08-12T17:23:43.043765,"254,267,1557,1071",No Mask
2025-08-12T17:23:43.172334,"255,278,1558,1071",No Mask
2025-08-12T17:23:43.305318,"258,280,1557,1071",No Mask
2025-08-12T17:23:43.443049,"265,273,1558,1071",No Mask
2025-08-12T17:23:43.570709,"258,266,1559,1071",No Mask
2025-08-12T17:23:43.709678,"254,263,1559,1070",No Mask
2025-08-12T17:23:43.837129,"247,262,1562,1069",No Mask
2025-08-12T17:23:43.972964,"258,262,1561,1071",No Mask
2025-08-12T17:23:44.104758,"295,259,1559,1076",No Mask
2025-08-12T17:23:44.244297,"352,255,1550,1074",No Mask
2025-08-12T17:23:44.371502,"368,251,1546,1074",No Mask
2025-08-12T17:23:44.507603,"348,242,1538,1073",No Mask
2025-08-12T17:23:44.639498,"343,236,1543,1073",No Mask
2025-08-12T17:23:44.773257,"328,227,1545,1073",No Mask
2025-08-12T17:23:44.907116,"341,228,1542,1074",No Mask
2025-08-12T17:23:45.037195,"339,232,1541,1073",No Mask
2025-08-12T17:23:45.174893,"346,241,1543,1074",No Mask
2025-08-12T17:23:45.306137,"348,240,1542,1074",No Mask
2025-08-12T17:23:45.440008,"350,240,1542,1075",No Mask
2025-08-12T17:23:45.573998,"352,239,1545,1074",No Mask
2025-08-12T17:23:45.708733,"355,239,1545,1074",No Mask
2025-08-12T17:23:45.838596,"357,240,1545,1074",No Mask
2025-08-12T17:23:45.971024,"357,239,1543,1074",No Mask
2025-08-12T17:23:46.110153,"354,239,1543,1074",No Mask
2025-08-12T17:23:46.254273,"356,239,1543,1074",No Mask
2025-08-12T17:23:46.412149,"358,240,1544,1074",No Mask
2025-08-12T17:23:46.534423,"358,240,1546,1074",No Mask
2025-08-12T17:23:46.670841,"358,238,1546,1074",No Mask
2025-08-12T17:23:46.808944,"358,240,1546,1074",No Mask
2025-08-12T17:23:46.938512,"357,240,1546,1074",No Mask
2025-08-12T17:23:47.075536,"357,240,1544,1074",No Mask
2025-08-12T17:23:47.203082,"358,239,1545,1074",No Mask
2025-08-12T17:23:47.337461,"356,239,1548,1074",No Mask
2025-08-12T17:23:47.477358,"351,239,1548,1074",No Mask
2025-08-12T17:23:47.604353,"347,234,1543,1074",No Mask
2025-08-12T17:23:47.741069,"345,232,1541,1074",No Mask
2025-08-12T17:23:47.872203,"345,236,1541,1074",No Mask
2025-08-12T17:23:48.011687,"346,238,1544,1074",No Mask
2025-08-12T17:23:48.169443,"345,241,1543,1074",No Mask
2025-08-12T17:23:48.316759,"346,242,1546,1073",No Mask
2025-08-12T17:23:48.435962,"346,241,1546,1074",No Mask
2025-08-12T17:23:48.577093,"346,239,1547,1074",No Mask
2025-08-12T17:23:48.704000,"346,239,1549,1074",No Mask
2025-08-12T17:23:48.840058,"345,240,1549,1074",No Mask
2025-08-12T17:23:48.980199,"343,239,1549,1074",No Mask
2025-08-12T17:23:49.105978,"344,239,1549,1074",No Mask
2025-08-12T17:23:49.243164,"344,239,1549,1074",No Mask
2025-08-12T17:23:49.375694,"343,239,1548,1074",No Mask
2025-08-12T17:23:49.504539,"344,238,1549,1073",No Mask
2025-08-12T17:23:49.643857,"345,238,1551,1073",No Mask
2025-08-12T17:23:49.771555,"345,238,1549,1074",No Mask
2025-08-12T17:23:49.910101,"344,238,1547,1074",No Mask
2025-08-12T17:23:50.040325,"346,239,1547,1074",No Mask
2025-08-12T17:23:50.174375,"346,241,1546,1074",No Mask
2025-08-12T17:23:50.305486,"346,237,1543,1073",No Mask
2025-08-12T17:23:50.443110,"348,241,1545,1074",No Mask
2025-08-12T17:23:50.569986,"347,241,1545,1074",No Mask
2025-08-12T17:23:50.712924,"345,237,1542,1073",No Mask
2025-08-12T17:23:50.837694,"356,241,1544,1074",No Mask
2025-08-12T17:23:50.974134,"361,242,1542,1074",No Mask
2025-08-12T17:23:51.107514,"362,242,1542,1074",No Mask
2025-08-12T17:23:51.237365,"354,240,1540,1073",No Mask
2025-08-12T17:23:51.375070,"349,239,1538,1073",No Mask
2025-08-12T17:23:51.435144,"1649,323,1919,986",No Mask
2025-08-12T17:23:51.580237,"346,242,1542,1074",No Mask
2025-08-12T17:23:51.642476,"1747,4,1919,1076",No Mask
2025-08-12T17:23:51.775137,"346,242,1543,1074",No Mask
2025-08-12T17:23:51.842258,"1581,58,1919,1071",No Mask
2025-08-12T17:23:51.977935,"1430,152,1919,1069",No Mask
2025-08-12T17:23:52.040842,"344,236,1542,1073",No Mask
2025-08-12T17:23:52.176555,"346,237,1552,1073",No Mask
2025-08-12T17:23:52.237992,"1268,199,1737,886",No Mask
2025-08-12T17:23:52.376979,"346,238,1544,1073",No Mask
2025-08-12T17:23:52.437773,"1178,243,1755,1046",No Mask
2025-08-12T17:23:52.576812,"346,237,1548,1073",No Mask
2025-08-12T17:23:52.636713,"1154,304,1700,1002",No Mask
2025-08-12T17:23:52.780035,"346,234,1542,1073",No Mask
2025-08-12T17:23:52.906191,"348,239,1544,1074",No Mask
2025-08-12T17:23:53.039952,"348,239,1544,1074",No Mask
2025-08-12T17:23:53.173435,"347,241,1543,1074",No Mask
2025-08-12T17:23:53.307441,"347,241,1543,1074",No Mask
2025-08-12T17:23:53.440247,"347,241,1545,1073",No Mask
2025-08-12T17:23:53.572947,"348,242,1544,1074",No Mask
2025-08-12T17:23:53.707087,"348,244,1543,1074",No Mask
2025-08-12T17:23:53.837967,"349,242,1544,1074",No Mask
2025-08-12T17:23:53.973957,"348,237,1543,1073",No Mask
2025-08-12T17:23:54.112061,"345,236,1544,1073",No Mask
2025-08-12T17:23:54.241566,"341,237,1545,1073",No Mask
2025-08-12T17:23:54.306359,"637,477,828,816",No Mask
2025-08-12T17:23:54.438209,"337,238,1544,1073",No Mask
2025-08-12T17:23:54.571131,"343,240,1545,1075",No Mask
2025-08-12T17:23:54.631187,"612,489,813,820",No Mask
2025-08-12T17:23:54.777753,"348,241,1544,1074",No Mask
2025-08-12T17:23:54.836290,"512,517,788,886",No Mask
2025-08-12T17:23:54.971949,"335,243,1542,1075",No Mask
2025-08-12T17:23:55.031968,"424,523,755,965",No Mask
2025-08-12T17:23:55.178060,"338,243,1543,1074",No Mask
2025-08-12T17:23:55.237106,"408,526,719,964",No Mask
2025-08-12T17:23:55.378883,"342,242,1542,1075",No Mask
2025-08-12T17:23:55.438514,"405,544,683,969",No Mask
2025-08-12T17:23:55.577483,"342,243,1542,1075",No Mask
2025-08-12T17:23:55.637583,"384,549,663,1023",No Mask
2025-08-12T17:23:55.779358,"343,242,1541,1074",No Mask
2025-08-12T17:23:55.838990,"372,555,627,1039",No Mask
2025-08-12T17:23:55.975235,"345,241,1542,1074",No Mask
2025-08-12T17:23:56.035543,"345,559,570,1059",No Mask
2025-08-12T17:23:56.176207,"349,242,1542,1074",No Mask
2025-08-12T17:23:56.235033,"323,565,539,1043",No Mask
2025-08-12T17:23:56.382088,"353,239,1539,1073",No Mask
2025-08-12T17:23:56.443551,"321,563,533,1073",No Mask
2025-08-12T17:23:56.574933,"354,243,1539,1074",No Mask
2025-08-12T17:23:56.635181,"322,561,515,1072",No Mask
2025-08-12T17:23:56.773655,"353,244,1538,1075",No Mask
2025-08-12T17:23:56.834180,"321,562,511,1072",No Mask
2025-08-12T17:23:56.974827,"346,243,1540,1074",No Mask
2025-08-12T17:23:57.034225,"325,558,534,1069",No Mask
2025-08-12T17:23:57.175111,"352,244,1532,1073",No Mask
2025-08-12T17:23:57.235555,"338,548,563,1040",No Mask
2025-08-12T17:23:57.379110,"343,241,1542,1073",No Mask
2025-08-12T17:23:57.439326,"367,522,577,1010",No Mask
2025-08-12T17:23:57.578533,"344,244,1542,1073",No Mask
2025-08-12T17:23:57.639502,"361,516,597,1013",No Mask
2025-08-12T17:23:57.777229,"343,244,1544,1073",No Mask
2025-08-12T17:23:57.836868,"370,527,644,997",No Mask
2025-08-12T17:23:58.033022,"438,517,722,940",No Mask
2025-08-12T17:29:09.064686,"333,396,1451,1074",No Mask
2025-08-12T17:29:09.247131,"339,397,1448,1073",No Mask
2025-08-12T17:29:09.387980,"339,401,1449,1073",No Mask
2025-08-12T17:29:09.527655,"337,399,1450,1074",No Mask
2025-08-12T17:29:09.642832,"338,392,1451,1074",No Mask
2025-08-12T17:29:09.781198,"335,394,1451,1074",No Mask
2025-08-12T17:29:09.915685,"336,394,1451,1074",No Mask
2025-08-12T17:29:10.047259,"336,397,1453,1074",No Mask
2025-08-12T17:29:10.184711,"337,393,1450,1074",No Mask
2025-08-12T17:29:10.324195,"336,381,1456,1074",No Mask
2025-08-12T17:29:10.447410,"327,356,1494,1075",No Mask
2025-08-12T17:29:10.585115,"298,324,1503,1073",No Mask
2025-08-12T17:29:10.725964,"297,286,1538,1072",No Mask
2025-08-12T17:29:10.851364,"260,239,1568,1072",No Mask
2025-08-12T17:29:10.985552,"256,194,1618,1070",No Mask
2025-08-12T17:29:11.126792,"273,163,1650,1071",No Mask
2025-08-12T17:29:11.251866,"269,153,1676,1071",No Mask
2025-08-12T17:29:11.388164,"274,141,1679,1071",No Mask
2025-08-12T17:29:11.521834,"204,129,1680,1070",No Mask
2025-08-12T17:29:11.657304,"208,111,1672,1068",No Mask
2025-08-12T17:29:11.790123,"198,88,1707,1067",No Mask
2025-08-12T17:29:11.926200,"177,79,1730,1068",No Mask
2025-08-12T17:29:12.050406,"195,64,1744,1066",No Mask
2025-08-12T17:29:12.183594,"219,67,1734,1067",No Mask
2025-08-12T17:29:12.321626,"231,65,1720,1067",No Mask
2025-08-12T17:29:12.459240,"221,63,1722,1068",No Mask
2025-08-12T17:29:12.588450,"203,64,1733,1068",No Mask
2025-08-12T17:29:12.718632,"201,54,1718,1069",No Mask
2025-08-12T17:29:12.856303,"409,46,1716,1070",No Mask
2025-08-12T17:29:12.985254,"207,49,1766,1071",No Mask
2025-08-12T17:29:13.121672,"237,50,1769,1070",No Mask
2025-08-12T17:29:13.253858,"223,33,1794,1070",No Mask
2025-08-12T17:29:13.386765,"166,12,1825,1072",No Mask
2025-08-12T17:29:13.522917,"232,7,1858,1072",No Mask
2025-08-12T17:29:13.655889,"389,10,1874,1072",No Mask
2025-08-12T17:29:13.789247,"225,4,1912,1072",No Mask
2025-08-12T17:29:13.920137,"220,2,1905,1071",No Mask
2025-08-12T17:29:14.058288,"173,0,1895,1070",No Mask
2025-08-12T17:29:14.189858,"165,0,1901,1069",No Mask
2025-08-12T17:29:14.325368,"188,0,1908,1071",No Mask
2025-08-12T17:29:14.453390,"161,1,1908,1072",No Mask
2025-08-12T17:29:14.594161,"184,10,1852,1070",No Mask
2025-08-12T17:29:14.721851,"234,18,1792,1069",No Mask
2025-08-12T17:29:14.855995,"213,64,1729,1069",No Mask
2025-08-12T17:29:14.990666,"157,98,1700,1068",No Mask
2025-08-12T17:29:15.125909,"206,150,1665,1068",No Mask
2025-08-12T17:29:15.252836,"142,182,1625,1070",No Mask
2025-08-12T17:29:15.390556,"212,203,1633,1071",No Mask
2025-08-12T17:29:15.523228,"218,222,1602,1071",No Mask
2025-08-12T17:29:15.661123,"140,240,1601,1071",No Mask
2025-08-12T17:29:15.787664,"168,254,1593,1070",No Mask
2025-08-12T17:29:15.920228,"155,264,1597,1071",No Mask
2025-08-12T17:29:16.061742,"154,263,1590,1071",No Mask
2025-08-12T17:29:16.187054,"141,262,1602,1072",No Mask
2025-08-12T17:29:16.323419,"147,265,1613,1073",No Mask
2025-08-12T17:29:16.455664,"169,264,1619,1072",No Mask
2025-08-12T17:29:16.591087,"182,263,1621,1072",No Mask
2025-08-12T17:29:16.722806,"204,262,1625,1072",No Mask
2025-08-12T17:29:16.856770,"217,262,1623,1073",No Mask
2025-08-12T17:29:16.990946,"180,263,1621,1073",No Mask
2025-08-12T17:29:17.118562,"211,263,1624,1073",No Mask
2025-08-12T17:29:17.258025,"197,263,1627,1073",No Mask
2025-08-12T17:29:17.394416,"182,263,1628,1073",No Mask
2025-08-12T17:29:17.519007,"168,265,1628,1073",No Mask
2025-08-12T17:29:17.656056,"196,266,1628,1073",No Mask
2025-08-12T17:29:17.810559,"174,264,1627,1073",No Mask
2025-08-12T17:29:17.914309,"186,264,1627,1073",No Mask
2025-08-12T17:29:18.062190,"199,265,1627,1073",No Mask
2025-08-12T17:29:18.186281,"196,264,1623,1072",No Mask
2025-08-12T17:29:18.320755,"186,264,1623,1072",No Mask
2025-08-12T17:29:18.457247,"172,260,1622,1073",No Mask
2025-08-12T17:29:18.591150,"165,263,1623,1073",No Mask
2025-08-12T17:29:18.721343,"173,262,1622,1072",No Mask
2025-08-12T17:29:18.855588,"158,262,1629,1072",No Mask
2025-08-12T17:29:18.989518,"182,262,1630,1072",No Mask
2025-08-12T17:29:19.125473,"185,262,1631,1073",No Mask
2025-08-12T17:29:19.257405,"158,262,1627,1073",No Mask
2025-08-12T17:29:19.388915,"174,262,1627,1073",No Mask
2025-08-12T17:29:19.522254,"167,262,1627,1073",No Mask
2025-08-12T17:29:19.658569,"157,262,1632,1073",No Mask
2025-08-12T17:29:19.786536,"155,262,1632,1073",No Mask
2025-08-12T17:29:19.922975,"156,262,1632,1073",No Mask
2025-08-12T17:29:20.054275,"148,263,1632,1073",No Mask
2025-08-12T17:29:20.201040,"154,265,1628,1073",No Mask
2025-08-12T17:29:20.317416,"150,265,1629,1073",No Mask
2025-08-12T17:29:20.460525,"143,264,1627,1073",No Mask
2025-08-12T17:29:20.589356,"163,264,1625,1073",No Mask
2025-08-12T17:29:20.723682,"166,264,1628,1072",No Mask
2025-08-12T17:29:20.854928,"179,264,1625,1072",No Mask
2025-08-12T17:29:20.988803,"171,264,1624,1073",No Mask
2025-08-12T17:29:21.129510,"207,264,1627,1074",No Mask
2025-08-12T17:29:21.255558,"191,264,1627,1073",No Mask
2025-08-12T17:29:21.389992,"165,256,1628,1073",No Mask
2025-08-12T17:29:21.520420,"161,245,1624,1072",No Mask
2025-08-12T17:29:21.658844,"154,243,1621,1073",No Mask
2025-08-12T17:29:21.785766,"164,233,1619,1072",No Mask
2025-08-12T17:29:21.922873,"328,220,1660,1072",No Mask
2025-08-12T17:29:22.059223,"206,196,1687,1070",No Mask
2025-08-12T17:29:22.187149,"210,172,1681,1070",No Mask
2025-08-12T17:29:22.324217,"222,162,1670,1070",No Mask
2025-08-12T17:29:22.459918,"228,150,1715,1070",No Mask
2025-08-12T17:29:22.586879,"291,114,1745,1074",No Mask
2025-08-12T17:29:22.727606,"244,86,1766,1070",No Mask
2025-08-12T17:29:22.851861,"257,60,1789,1071",No Mask
2025-08-12T17:29:22.990490,"410,40,1810,1068",No Mask
2025-08-12T17:29:23.123600,"232,22,1820,1072",No Mask
2025-08-12T17:29:23.258947,"296,15,1840,1072",No Mask
2025-08-12T17:29:23.386424,"209,12,1813,1069",No Mask
2025-08-12T17:29:23.654145,"165,4,1773,1068",No Mask
2025-08-12T17:29:23.792368,"209,0,1846,1066",No Mask
2025-08-12T17:29:23.928948,"101,0,1821,1068",No Mask
2025-08-12T17:29:24.053931,"165,0,1821,1070",No Mask
2025-08-12T17:29:24.190305,"173,2,1824,1069",No Mask
2025-08-12T17:29:24.326438,"248,5,1359,1069",No Mask
2025-08-12T17:29:24.391472,"211,4,1825,1068",No Mask
2025-08-12T17:29:24.525624,"612,3,1816,1067",No Mask
2025-08-12T17:29:24.584871,"147,0,1339,1066",No Mask
2025-08-12T17:29:24.726326,"184,3,1838,1069",No Mask
2025-08-12T17:29:24.853893,"191,0,1820,1068",No Mask
2025-08-12T17:29:24.919841,"173,0,1337,1066",No Mask
2025-08-12T17:29:25.053242,"222,5,1854,1068",No Mask
2025-08-12T17:29:25.193976,"163,4,1873,1068",No Mask
2025-08-12T17:29:25.322545,"159,1,1868,1068",No Mask
2025-08-12T17:29:25.459812,"161,4,1866,1070",No Mask
2025-08-12T17:29:25.590130,"223,5,1853,1069",No Mask
2025-08-12T17:29:25.652331,"149,3,1374,1070",No Mask
2025-08-12T17:29:25.795199,"207,6,1851,1068",No Mask
2025-08-12T17:29:25.925708,"215,5,1850,1068",No Mask
2025-08-12T17:29:26.055285,"262,6,1849,1069",No Mask
2025-08-12T17:29:26.189901,"665,6,1830,1068",No Mask
2025-08-12T17:29:26.248752,"185,4,1515,1060",No Mask
2025-08-12T17:29:26.390713,"207,4,1854,1067",No Mask
2025-08-12T17:29:26.524180,"164,0,1873,1066",No Mask
2025-08-12T17:29:26.659452,"696,2,1825,1069",No Mask
2025-08-12T17:29:26.789168,"183,1,1858,1072",No Mask
2025-08-12T17:29:26.924324,"381,4,1828,1070",No Mask
2025-08-12T17:29:27.057704,"166,13,1834,1070",No Mask
2025-08-12T17:29:27.192505,"166,19,1825,1069",No Mask
2025-08-12T17:29:27.320499,"279,24,1810,1068",No Mask
2025-08-12T17:29:27.459299,"312,28,1786,1069",No Mask
2025-08-12T17:29:27.588539,"140,32,1803,1068",No Mask
2025-08-12T17:29:27.727154,"200,35,1812,1070",No Mask
2025-08-12T17:29:27.855648,"295,56,1849,1073",No Mask
2025-08-12T17:29:27.992555,"237,82,1868,1072",No Mask
2025-08-12T17:29:28.125478,"330,87,1860,1070",No Mask
2025-08-12T17:29:28.261383,"427,83,1878,1069",No Mask
2025-08-12T17:29:28.388601,"370,81,1885,1069",No Mask
2025-08-12T17:29:28.523075,"373,78,1874,1069",No Mask
2025-08-12T17:29:28.658617,"382,76,1877,1070",No Mask
2025-08-12T17:29:28.793918,"376,79,1866,1070",No Mask
2025-08-12T17:29:28.922241,"409,82,1859,1071",No Mask
2025-08-12T17:29:29.060025,"427,81,1869,1070",No Mask
2025-08-12T17:29:29.190706,"403,78,1870,1070",No Mask
2025-08-12T17:29:29.328099,"409,78,1858,1070",No Mask
2025-08-12T17:29:29.454337,"385,67,1853,1070",No Mask
2025-08-12T17:29:29.593142,"308,49,1849,1069",No Mask
2025-08-12T17:29:29.722080,"256,28,1857,1071",No Mask
2025-08-12T17:29:29.860177,"193,31,1784,1070",No Mask
2025-08-12T17:29:29.989988,"388,26,1754,1069",No Mask
2025-08-12T17:29:30.126424,"69,25,1727,1070",No Mask
2025-08-12T17:29:30.257977,"63,35,1726,1071",No Mask
2025-08-12T17:29:30.394793,"57,41,1718,1072",No Mask
2025-08-12T17:29:30.521238,"55,41,1725,1072",No Mask
2025-08-12T17:29:30.659418,"70,37,1735,1073",No Mask
2025-08-12T17:29:30.791928,"40,39,1763,1071",No Mask
2025-08-12T17:29:30.923306,"43,37,1775,1071",No Mask
2025-08-12T17:29:31.059754,"37,32,1794,1073",No Mask
2025-08-12T17:29:31.324855,"73,48,1794,1071",No Mask
2025-08-12T17:29:31.458763,"71,40,1791,1074",No Mask
2025-08-12T17:29:31.590658,"71,45,1772,1072",No Mask
2025-08-12T17:29:31.728128,"71,46,1760,1072",No Mask
2025-08-12T17:29:31.858398,"65,49,1794,1072",No Mask
2025-08-12T17:29:31.990397,"54,46,1772,1071",No Mask
2025-08-12T17:29:32.129457,"66,46,1785,1072",No Mask
2025-08-12T17:29:32.255675,"56,47,1813,1072",No Mask
2025-08-12T17:29:32.391387,"55,49,1799,1073",No Mask
2025-08-12T17:29:32.529837,"52,49,1780,1072",No Mask
2025-08-12T17:29:32.655384,"46,46,1785,1072",No Mask
2025-08-12T17:29:32.790177,"54,46,1791,1072",No Mask
2025-08-12T17:29:32.925143,"58,49,1815,1071",No Mask
2025-08-12T17:29:33.055441,"61,40,1801,1072",No Mask
2025-08-12T17:29:33.190094,"73,48,1799,1070",No Mask
2025-08-12T17:29:33.322654,"72,37,1819,1073",No Mask
2025-08-12T17:29:33.463396,"55,31,1819,1071",No Mask
2025-08-12T17:29:33.587369,"75,38,1801,1070",No Mask
2025-08-12T17:29:33.724853,"372,38,1806,1071",No Mask
2025-08-12T17:29:33.855410,"368,34,1793,1072",No Mask
2025-08-12T17:29:33.989931,"196,45,1788,1070",No Mask
2025-08-12T17:29:34.128043,"166,48,1794,1072",No Mask
2025-08-12T17:29:34.254454,"133,47,1797,1072",No Mask
2025-08-12T17:29:34.397400,"449,47,1757,1071",No Mask
2025-08-12T17:29:34.520263,"175,56,1764,1071",No Mask
2025-08-12T17:29:34.657507,"236,66,1751,1070",No Mask
2025-08-12T17:29:34.795040,"162,65,1783,1070",No Mask
2025-08-12T17:29:34.921468,"209,86,1780,1071",No Mask
2025-08-12T17:29:35.065013,"130,89,1775,1071",No Mask
2025-08-12T17:29:35.192805,"163,92,1752,1071",No Mask
2025-08-12T17:29:35.325185,"115,94,1754,1071",No Mask
2025-08-12T17:29:35.459349,"131,95,1754,1072",No Mask
2025-08-12T17:29:35.591144,"186,94,1751,1072",No Mask
2025-08-12T17:29:35.734238,"195,92,1745,1072",No Mask
2025-08-12T17:29:35.853077,"150,94,1752,1072",No Mask
2025-08-12T17:29:35.991083,"175,95,1749,1072",No Mask
2025-08-12T17:29:36.128650,"199,95,1745,1072",No Mask
2025-08-12T17:29:36.256854,"167,103,1740,1074",No Mask
2025-08-12T17:29:36.394417,"158,105,1740,1074",No Mask
2025-08-12T17:29:36.523474,"172,106,1742,1074",No Mask
2025-08-12T17:29:36.658826,"167,109,1746,1073",No Mask
2025-08-12T17:29:36.792843,"178,111,1745,1074",No Mask
2025-08-12T17:29:36.924590,"169,113,1764,1073",No Mask
2025-08-12T17:29:37.061349,"157,111,1740,1073",No Mask
2025-08-12T17:29:37.192795,"159,119,1738,1071",No Mask
2025-08-12T17:29:37.323206,"164,119,1741,1071",No Mask
2025-08-12T17:29:37.463167,"221,116,1731,1070",No Mask
2025-08-12T17:29:37.590737,"206,121,1722,1068",No Mask
2025-08-12T17:29:37.727217,"196,130,1710,1069",No Mask
2025-08-12T17:29:37.857019,"214,138,1702,1068",No Mask
2025-08-12T17:29:37.993485,"218,141,1694,1068",No Mask
2025-08-12T17:29:38.126344,"216,141,1697,1069",No Mask
2025-08-12T17:29:38.260076,"197,141,1659,1068",No Mask
2025-08-12T17:29:38.393819,"201,139,1681,1068",No Mask
2025-08-12T17:29:38.525595,"196,135,1639,1069",No Mask
2025-08-12T17:29:38.663561,"195,131,1597,1069",No Mask
2025-08-12T17:29:38.789667,"201,129,1660,1069",No Mask
2025-08-12T17:29:38.929526,"204,128,1682,1070",No Mask
2025-08-12T17:29:39.057334,"209,128,1692,1070",No Mask
2025-08-12T17:29:39.195657,"209,129,1692,1070",No Mask
2025-08-12T17:29:39.325542,"206,131,1677,1071",No Mask
2025-08-12T17:29:39.458833,"199,125,1696,1070",No Mask
2025-08-12T17:29:39.591457,"256,107,1717,1069",No Mask
2025-08-12T17:29:39.725297,"97,87,1725,1069",No Mask
2025-08-12T17:29:39.859220,"287,76,1711,1069",No Mask
2025-08-12T17:29:39.993133,"270,71,1704,1069",No Mask
2025-08-12T17:29:40.128776,"251,66,1715,1068",No Mask
2025-08-12T17:29:40.256475,"272,66,1729,1070",No Mask
2025-08-12T17:29:40.392854,"262,71,1712,1072",No Mask
2025-08-12T17:29:40.524604,"299,74,1753,1073",No Mask
2025-08-12T17:29:40.663550,"319,77,1718,1072",No Mask
2025-08-12T17:29:40.791217,"423,83,1731,1072",No Mask
2025-08-12T17:29:40.929898,"366,87,1716,1071",No Mask
2025-08-12T17:29:41.057245,"421,74,1739,1073",No Mask
2025-08-12T17:29:41.194939,"338,69,1738,1075",No Mask
2025-08-12T17:29:41.328908,"314,62,1710,1072",No Mask
2025-08-12T17:29:41.458798,"294,57,1727,1071",No Mask
2025-08-12T17:29:41.593875,"278,54,1728,1071",No Mask
2025-08-12T17:29:41.727751,"269,50,1728,1070",No Mask
2025-08-12T17:29:41.860430,"272,54,1733,1070",No Mask
2025-08-12T17:29:41.993465,"268,54,1731,1070",No Mask
2025-08-12T17:29:42.128505,"264,60,1736,1070",No Mask
2025-08-12T17:29:42.259718,"262,61,1722,1071",No Mask
2025-08-12T17:29:42.394001,"280,63,1713,1073",No Mask
2025-08-12T17:29:42.526225,"277,73,1721,1073",No Mask
2025-08-12T17:29:42.658936,"271,76,1719,1073",No Mask
2025-08-12T17:29:42.806329,"320,84,1714,1073",No Mask
2025-08-12T17:29:42.920790,"248,111,1720,1071",No Mask
2025-08-12T17:29:43.063674,"242,137,1721,1071",No Mask
2025-08-12T17:29:43.203089,"240,137,1730,1072",No Mask
2025-08-12T17:29:43.348755,"237,136,1733,1071",No Mask
2025-08-12T17:29:43.508986,"173,123,1746,1070",No Mask
2025-08-12T17:29:43.622380,"116,132,1757,1067",No Mask
2025-08-12T17:29:43.763866,"67,97,1808,1068",No Mask
2025-08-12T17:29:43.889416,"55,83,1814,1067",No Mask
2025-08-12T17:29:44.023080,"96,87,1793,1072",No Mask
2025-08-12T17:29:44.159135,"87,101,1749,1070",No Mask
2025-08-12T17:29:44.293058,"66,111,1671,1070",No Mask
2025-08-12T17:29:44.425985,"121,131,1708,1069",No Mask
2025-08-12T17:29:44.556440,"136,156,1699,1068",No Mask
2025-08-12T17:29:44.696410,"126,159,1666,1068",No Mask
2025-08-12T17:29:44.825300,"95,164,1641,1070",No Mask
2025-08-12T17:29:44.968906,"103,170,1618,1069",No Mask
2025-08-12T17:29:45.088694,"109,171,1634,1071",No Mask
2025-08-12T17:29:45.231237,"136,181,1654,1070",No Mask
2025-08-12T17:29:45.355884,"156,182,1645,1070",No Mask
2025-08-12T17:29:45.490435,"166,186,1655,1069",No Mask
2025-08-12T17:29:45.627477,"180,189,1700,1069",No Mask
2025-08-12T17:29:45.765726,"190,185,1706,1070",No Mask
2025-08-12T17:29:45.887932,"175,184,1714,1069",No Mask
2025-08-12T17:29:46.023612,"171,183,1693,1069",No Mask
2025-08-12T17:29:46.159070,"162,188,1691,1069",No Mask
2025-08-12T17:29:46.290039,"172,189,1681,1069",No Mask
2025-08-12T17:29:46.424655,"161,182,1687,1068",No Mask
2025-08-12T17:29:46.561676,"167,182,1685,1068",No Mask
2025-08-12T17:29:46.689121,"163,182,1687,1068",No Mask
2025-08-12T17:29:46.823130,"166,184,1687,1069",No Mask
2025-08-12T17:29:46.959951,"166,185,1687,1068",No Mask
2025-08-12T17:29:47.091500,"162,183,1699,1069",No Mask
2025-08-12T17:29:47.222537,"171,185,1691,1069",No Mask
2025-08-12T17:29:47.357693,"167,184,1686,1069",No Mask
2025-08-12T17:29:47.494233,"166,181,1691,1069",No Mask
2025-08-12T17:29:47.623673,"170,183,1696,1069",No Mask
2025-08-12T17:29:47.764225,"161,180,1708,1069",No Mask
